CAD30002-CR000117-03,11000160234300002,7339006QA5673G,RONDA DE LOS VIÑEDOS,2,1,CTO 522518,11000160234300002
CAD30002-CR000117-03,11000160233500014,7339001QA5673G,LA VID,14,1,CTO 522517,11000160233500014
CAD30002-CR000106-06,,6532302QA5663B,NTRO P JESUS D SENTENCIA,7,1,CTO 525824,
CAD30002-CR000115-02,11000160232500016,7129502QA5672G,VENERABLE VARGAS,16,24,CTO 525737-525738,11000160232500016
CAD30002-CR000230-01,11000160836900003,9356005QA5695E,LA GRANJA,3,1,CTO 506359-506360,11000160836900003
CAD30002-CR000154-01,11000160039200007,6050602QA5665A,URBANIZACION LA UNION,7,40,CTO 529079,11000160039200007
CAD30002-CR000230-02,11000160065600002,9453801QA5695C,JOSE LUIS PANTOJA ANTUNEZ,2,70,CTO 506305-506307,11000160065600002
CAD30002-CR000232-01,11000160832400006,6824606QA5662D,PLACIDO FERNANDEZ VIAGAS,6,40,CTO 506948,11000160832400006
CAD30002-CR000267-02,11000160817199999,6548420QA5664H,DE MEJICO,9999,1,CTO 512963,11000160817199999
CAD30002-CR000267-02,11000160817199999,6548421QA5664H,DE MEJICO,9999,3,CTO 512960,11000160817199999
CAD30002-CR000267-02,11000160817199999,6548421QA5664H,DE MEJICO,9999,1,CTO 512960,11000160817199999
CAD30002-CR000267-02,11000160180399999,6548408QA5664H,JOSE CADIZ SALVATIERRA,9999,76,CTO 512946-512947,11000160180399999
CAD30002-CR000267-02,11000160013100001,6548409QA5664H,FERNANDO VIOLA,1,28,CTO 512943-512945,11000160013100001
CAD30002-CR000267-02,11000160013100003,6548409QA5664H,FERNANDO VIOLA,3,23,CTO 512943-512945,11000160013100003
CAD30002-CR000267-02,11000160013100007,6548406QA5664H,FERNANDO VIOLA,7,1,CTO 512950-512952,11000160013100007
CAD30002-CR000267-02,11000160180300005,6548406QA5664H,JOSE CADIZ SALVATIERRA,5,1,CTO 512950-512952,11000160180300005
CAD30002-CR000267-02,11000160180399999,6548406QA5664H,JOSE CADIZ SALVATIERRA,9999,1,CTO 512950-512952,11000160180399999
CAD30002-CR000635-01,11000160041999999,5320902QA5652S,DEL REINO UNIDO,9999,6,CTO 507430-513026,11000160041999999
CAD30002-CR000635-01,11000160042200001,5320902QA5652S,BELGICA,1,47,CTO 507430-513026,11000160042200001
CAD30002-CR000635-01,11000160042200003,5320902QA5652S,BELGICA,3,52,CTO 507430-513026,11000160042200003
CAD30002-CR000634-01,11000160042600009,5221801QA5652S,GRECIA,9,165,CTO 512549-512555,11000160042600009
CAD30002-CR000015-02,11000160172100004,6639432QA5663H,FRAY LUIS DE CARVAJAL,4,1,CTO 513478,11000160172100004
CAD30002-CR000015-02,11000160172100004,6639433QA5663H,FRAY LUIS DE CARVAJAL,4,1,CTO 513476,11000160172100004
CAD30002-CR000166-01,11000160154400001,5153807QA5655C,CAVABIEN,1,1,CTO 502595,11000160154400001
CAD30002-CR000457-02,11000160012700013,8346901QA5684E,LOLA FLORES,13,275,CTO 516100-516113,11000160012700013
CAD30002-CR000221-01,11000160012400017,6345009QA5664E,CIRCO,17,21,CTO 507359-507367,11000160012400017
CAD30002-CR000221-01,11000160973300002,6345009QA5664E,VENTURA NUÑEZ VENTURITA,2,28,CTO 507359-507367,11000160973300002
CAD30002-CR000221-01,11000160973300004,6345009QA5664E,VENTURA NUÑEZ VENTURITA,4,24,CTO 507359-507367,11000160973300004
CAD30002-CR000221-01,11000160973300010,6345009QA5664E,VENTURA NUÑEZ VENTURITA,10,28,CTO 507359-507367,11000160973300010
CAD30002-CR000221-01,11000160973300014,6345009QA5664E,VENTURA NUÑEZ VENTURITA,14,21,CTO 507359-507367,11000160973300014
CAD30002-CR000100-02,11000160037000001,7962201QA5676B,DE LA VENDIMIA,1,10,CTO 516215-516216,11000160037000001
CAD30002-CR000100-02,11000160037000002,7962201QA5676B,DE LA VENDIMIA,2,14,CTO 516215-516216,11000160037000002
CAD30002-CR000100-02,11000160037000003,7962201QA5676B,DE LA VENDIMIA,3,12,CTO 516215-516216,11000160037000003
CAD30002-CR000100-02,11000160037000004,7962201QA5676B,DE LA VENDIMIA,4,9,CTO 516215-516216,11000160037000004
CAD30002-CR000100-02,11000160037000005,7962201QA5676B,DE LA VENDIMIA,5,14,CTO 516215-516216,11000160037000005
CAD30002-CR000100-02,11000160037000006,7962201QA5676B,DE LA VENDIMIA,6,13,CTO 516215-516216,11000160037000006
CAD30002-CR000100-02,11000160037000007,7962201QA5676B,DE LA VENDIMIA,7,12,CTO 516215-516216,11000160037000007
CAD30002-CR000438-01,11000161007299999,4924702QA5642D,JOSE DE SOTO Y MOLINA,9999,157,CTO 503282-503284,11000161007299999
CAD30002-CR000438-01,11000161007399999,4924702QA5642D,HISTORIADOR TRILLO Y BORB,9999,120,CTO 503282-503284,11000161007399999
CAD30002-CR000438-01,11000161007600003,4924701QA5642D,RODRIGO DE JEREZ,3,16,CTO 503279-503281,11000161007600003
CAD30002-CR000490-03,11000160055699999,5423502QA5652A,MARIA LUISA COBO PEÑA,9999,79,CTO 503099-503102,11000160055699999
CAD30002-CR000204-01,11000160162700002,7136003QA5673E,LAS DELICIAS,2,51,CTO 504049-5040450,11000160162700002
CAD30002-CR000636-01,11000160070600002,8567301QA5686H,SENECA,2,144,CTO 500981-500986,11000160070600002
CAD30002-CR000636-01,11000160168399999,8670602QA5687B,DE ESPERA,9999,3,CTO 500988-500990,11000160168399999
CAD30002-CR000049-01,11000160801800002,5251201QA5655A,LOS LIÑOS,2,8,CTO 506796,11000160801800002
CAD30002-CR000049-01,11000160235500002,5252203QA5655A,ZORONGO,2,8,CTO 506792,11000160235500002
CAD30002-CR000529-03,11000160034999999,9340701QA5694A,REY JUAN CARLOS I,9999,16,CTO 501118-501122,11000160034999999
CAD30002-CR000529-03,11000160087499999,9340701QA5694A,POETA ROSALIA DE CASTRO,9999,1,CTO 501118-501122,11000160087499999
CAD30002-CR000529-03,11000160087500001,9340701QA5694A,ESCRITORA FRASQUITA LARRE,1,38,CTO 501118-501122,11000160087500001
CAD30002-CR000529-03,11000160087500003,9340701QA5694A,ESCRITORA FRASQUITA LARRE,3,1,CTO 501118-501122,11000160087500003
CAD30002-CR000529-03,11000160087500003,9340701QA5694A,ESCRITORA FRASQUITA LARRE,3,1,CTO 501118-501122,11000160087500003
CAD30002-CR000529-03,11000160087500003,9340701QA5694A,ESCRITORA FRASQUITA LARRE,3,1,CTO 501118-501122,11000160087500003
CAD30002-CR000529-03,11000160087500003,9340701QA5694A,ESCRITORA FRASQUITA LARRE,3,1,CTO 501118-501122,11000160087500003
CAD30002-CR000529-03,11000160087599999,9340701QA5694A,ESCRITORA FRASQUITA LARRE,9999,0,CTO 501118-501122,11000160087599999
CAD30002-CR000529-03,11000160087700022,9340701QA5694A,ESCRITORA MARGARITA LOPEZ,22,1,CTO 501118-501122,11000160087700022
CAD30002-CR000529-03,11000160087700024,9340701QA5694A,ESCRITORA MARGARITA LOPEZ,24,1,CTO 501118-501122,11000160087700024
CAD30002-CR000529-03,11000160087700026,9340701QA5694A,ESCRITORA MARGARITA LOPEZ,26,1,CTO 501118-501122,11000160087700026
CAD30002-CR000529-03,11000160087700028,9340701QA5694A,ESCRITORA MARGARITA LOPEZ,28,1,CTO 501118-501122,11000160087700028
CAD30002-CR000529-03,11000160087700030,9340701QA5694A,ESCRITORA MARGARITA LOPEZ,30,1,CTO 501118-501122,11000160087700030
CAD30002-CR000529-03,11000160087700032,9340701QA5694A,ESCRITORA MARGARITA LOPEZ,32,1,CTO 501118-501122,11000160087700032
CAD30002-CR000529-03,11000160087700034,9340701QA5694A,ESCRITORA MARGARITA LOPEZ,34,1,CTO 501118-501122,11000160087700034
CAD30002-CR000529-03,11000160087700036,9340701QA5694A,ESCRITORA MARGARITA LOPEZ,36,1,CTO 501118-501122,11000160087700036
CAD30002-CR000529-03,11000160086800027,9240701QA5694A,JOSE DE LA ROSA DE LOS RI,27,1,CTO 501114-501117,11000160086800027
CAD30002-CR000529-03,11000160086800029,9240701QA5694A,JOSE DE LA ROSA DE LOS RI,29,1,CTO 501114-501117,11000160086800029
CAD30002-CR000529-03,11000160086800031,9240701QA5694A,JOSE DE LA ROSA DE LOS RI,31,1,CTO 501114-501117,11000160086800031
CAD30002-CR000529-03,11000160086800033,9240701QA5694A,JOSE DE LA ROSA DE LOS RI,33,1,CTO 501114-501117,11000160086800033
CAD30002-CR000529-03,11000160086800035,9240701QA5694A,JOSE DE LA ROSA DE LOS RI,35,1,CTO 501114-501117,11000160086800035
CAD30002-CR000529-03,11000160086800037,9240701QA5694A,JOSE DE LA ROSA DE LOS RI,37,1,CTO 501114-501117,11000160086800037
CAD30002-CR000529-03,11000160086800039,9240701QA5694A,JOSE DE LA ROSA DE LOS RI,39,1,CTO 501114-501117,11000160086800039
CAD30002-CR000529-03,11000160086800041,9240701QA5694A,JOSE DE LA ROSA DE LOS RI,41,1,CTO 501114-501117,11000160086800041
CAD30002-CR000529-03,11000160086999999,9240701QA5694A,ACTRIZ MARIA GUERRERO,9999,1,CTO 501114-501117,11000160086999999
CAD30002-CR000529-03,11000160087000001,9240701QA5694A,PERIODISTA CARMEN DE BURG,1,4,CTO 501114-501117,11000160087000001
CAD30002-CR000529-03,11000160087000003,9240701QA5694A,PERIODISTA CARMEN DE BURG,3,41,CTO 501114-501117,11000160087000003
CAD30002-CR000151-03,11000160052100013,6346101QA5664E,SANTO DOMINGO,13,12,CTO 502487-502488,11000160052100013
CAD30002-CR000529-02,11000160034900007,9339701QA5693G,REY JUAN CARLOS I,7,112,CTO 503626-503522,11000160034900007
CAD30002-CR000046-02,,4647209QA5644H,CONJUNTO SAN VALENTIN,2,8,CTO 502430,
CAD30002-CR000046-02,,4547004QA5644F,CONJUNTO SAN VALENTIN,19,8,CTO 502425,
CAD30002-CR000046-02,,4647205QA5644H,CONJUNTO SAN VALENTIN,12,8,CTO 502431,
CAD30002-CR000046-02,,4547002QA5644F,CONJUNTO SAN VALENTIN,16,8,CTO 502426,
CAD30002-CR000046-02,,4647212QA5644H,CONJUNTO SAN VALENTIN,4,8,CTO 502427,
CAD30002-CR000046-02,,4647213QA5644H,CONJUNTO SAN VALENTIN,14,8,CTO 502428,
CAD30002-CR000046-02,,4647202QA5644H,CONJUNTO SAN VALENTIN,9,8,CTO 502432,
CAD30002-CR000046-02,,4647216QA5644H,CONJUNTO SAN VALENTIN,6,8,CTO 502429,
CAD30002-CR000101-01,11000160078500002,7965601QA5676F,SAN JUAN BAUTISTA DE LA S,2,69,CTO 505235-505236,11000160078500002
CAD30002-CR000101-01,11000160078699999,8063301QA5686C,HERMANO VALERIANO LEON,9999,1,CTO 505227,11000160078699999
CAD30002-CR000468-01,11000160012900052,8446101QA5684E,MOSA,52,1,CTO 506217,11000160012900052
CAD30002-CR000468-01,11000160140900006,8446101QA5684E,ARCOS DE LA FRONTERA,6,39,TO 506217,11000160140900006
CAD30002-CR000283-01,11000160062200001,7652803QA5675B,EDUARDO PEREIRAS,1,92,CTO 503915-511021,11000160062200001
CAD30002-CR000441-01,11000161007699999,5023705QA5642D,RODRIGO DE JEREZ,9999,18,CTO 505482-505483,11000161007699999
CAD30002-CR000441-01,11000161007899999,5023703QA5642D,ESCRITOR FEDERICO DE LA V,9999,120,CTO 505485,11000161007899999
CAD30002-CR000304-01,11000160162700047,8239001QA5683G,LAS DELICIAS,47,35,CTO 525600,11000160162700047
CAD30002-CR000304-01,11000160162700047,8239002QA5683G,LAS DELICIAS,47,34,CTO 525599,11000160162700047
CAD30002-CR000304-01,11000160162700047,8239003QA5683G,LAS DELICIAS,47,34,CTO 525598,11000160162700047
CAD30002-CR000304-01,11000160162700047,8239004QA5683G,LAS DELICIAS,47,34,CTO 525597,11000160162700047
CAD30002-CR000146-02,11000160221200009,5148201QA5654G,SAN JUAN BOSCO,9,10,CTO 509797,11000160221200009
CAD30002-CR000146-02,11000160221200013,5148203QA5654G,SAN JUAN BOSCO,13,10,CTO 509798,11000160221200013
CAD30002-CR000231-01,11000160833900006,6723811QA5662D,DOCTOR JOSE ORTEGA MATEOS,6,40,CTO 506783,11000160833900006
CAD30002-CR000231-01,11000160831900004,6723807QA5662D,MAESTRO TEOFILO AZABAL,4,24,CTO 506778,11000160831900004
CAD30002-CR000231-01,11000160831900005,6723808QA5662D,MAESTRO TEOFILO AZABAL,5,24,CTO 506779,11000160831900005
CAD30002-CR000231-01,11000160831900001,6723804QA5662D,MAESTRO TEOFILO AZABAL,1,28,CTO 506774,11000160831900001
CAD30002-CR000231-01,11000160833900003,6723803QA5662D,DOCTOR JOSE ORTEGA MATEOS,3,40,CTO 506780,11000160833900003
CAD30002-CR000231-01,11000160833900004,6723809QA5662D,DOCTOR JOSE ORTEGA MATEOS,4,24,CTO 506781,11000160833900004
CAD30002-CR000231-01,11000160833900005,6723810QA5662D,DOCTOR JOSE ORTEGA MATEOS,5,24,CTO 506777,11000160833900005
CAD30002-CR000231-01,11000160833900002,6723802QA5662D,DOCTOR JOSE ORTEGA MATEOS,2,29,CTO 506775,11000160833900002
CAD30002-CR000231-01,11000160833900001,6723801QA5662D,DOCTOR JOSE ORTEGA MATEOS,1,24,CTO 506776,11000160833900001
CAD30002-CR000231-01,11000160831900003,6723806QA5662D,MAESTRO TEOFILO AZABAL,3,40,CTO 506782,11000160831900003
CAD30002-CR000231-01,11000160831900002,6723805QA5662D,MAESTRO TEOFILO AZABAL,2,24,CTO 506773,11000160831900002
CAD30002-CR000055-01,11000160086799999,7341801QA5674A,DE LA UNIVERSIDAD,9999,2,CTO 504881,11000160086799999
CAD30002-CR000055-01,11000160054399999,7342403QA5674C,JOSE DEMARIA LOPEZ CAMPUA,9999,1,CTO 504879-504880,11000160054399999
CAD30002-CR000055-01,11000160040599999,7441509QA5674A,KIYOSU,9999,100,CTO 504882-504884,11000160040599999
CAD30002-CR000435-01,11000161007299999,5125407QA5652C,JOSE DE SOTO Y MOLINA,9999,1,CTO 508841,11000161007299999
CAD30002-CR000207-01,11000160158100009,7534003QA5673D,NAZARET,9,1,CTO 508269,11000160158100009
CAD30002-CR000165-01,11000160807400001,5253002QA5655C,DE TREBUJENA,1,8,CTO 507568,11000160807400001
CAD30002-CR000165-01,11000160190500005,5253802QA5655C,LA MANZANILLA,5,50,CTO 507575,11000160190500005
CAD30002-CR000096-01,11000160062900006,7658301QA5675H,HERMES,6,37,CTO 511020,11000160062900006
CAD30002-CR000043-01,11000160131300002,5251101QA5655A,VERDIALES,2,8,CTO 510584,11000160131300002
CAD30002-CR000645-01,11000160093099999,5417101QA5651E,JOSE RAMON FERNADEZ LIRA,9999,221,CTO 512609-512616,11000160093099999
CAD30002-CR000645-01,11000160086300006,5720204QA5652S,DR SANTIAGO RAMON Y CAJAL,6,26,CTO 512559-512562,11000160086300006
CAD30002-CR000136-03,11000160847200009,8043804QA5684C,TORRES BLANCAS,9,46,CTO 507879,11000160847200009
CAD30002-CR000136-03,11000160098200001,7744002QA5674D,NUEVO CHAPIN I FASE,1,102,CTO 507883-507885,11000160098200001
CAD30002-CR000136-03,11000160847200008,8043803QA5684C,TORRES BLANCAS,8,45,CTO 507878,11000160847200008
CAD30002-CR000136-03,11000160847200007,8043802QA5684C,TORRES BLANCAS,7,51,CTO 507876-507877,11000160847200007
CAD30002-CR000136-03,11000160847200006,8043801QA5684C,TORRES BLANCAS,6,50,CTO 507874-507875,11000160847200006
CAD30002-CR000136-03,11000160847200003,8043807QA5684C,TORRES BLANCAS,3,46,CTO 507882,11000160847200003
CAD30002-CR000136-03,11000160847200004,8043806QA5684C,TORRES BLANCAS,4,45,CTO 507881,11000160847200004
CAD30002-CR000136-03,11000160847200005,8043805QA5684C,TORRES BLANCAS,5,47,CTO 507880,11000160847200005
CAD30002-CR000108-01,11000160214799999,6631001QA5663B,PUERTA DEL SOL,9999,1,CTO 521915,11000160214799999
CAD30002-CR000119-01,11000160162799999,7637404QA5673F,LAS DELICIAS,9999,64,CTO 507594-507595,11000160162799999
CAD30002-CR000119-01,11000160162799999,7637404QA5673F,LAS DELICIAS,9999,1,CTO 507594-507595,11000160162799999
CAD30002-CR000257-01,11000160823100001,6558501QA5665H,PAQUETE EL,1,66,CTO 507113-507115,11000160823100001
CAD30002-CR000257-01,11000160823100002,6558502QA5665H,PAQUETE EL,2,46,CTO 507112,11000160823100002
CAD30002-CR000257-01,11000160823100004,6658006QA5665H,PAQUETE EL,4,30,CTO 507826-507827,11000160823100004
CAD30002-CR000257-01,11000160823100003,6658001QA5665H,PAQUETE EL,3,66,CTO 507829-507831,11000160823100003
CAD30002-CR000257-01,11000160027800014,6557001QA5665F,INGENIERO ANGEL MAYO,14,56,CTO 507116-507117,11000160027800014
CAD30002-CR000081-02,11000160797199999,5946209QA5654F,DIVINA PASTORA,9999,53,CTO 519343-519344,11000160797199999
CAD30002-CR000081-02,11000160797100003,5946203QA5654F,DIVINA PASTORA,3,97,CTO 517692-517700,11000160797100003
CAD30002-CR000081-02,11000160797100009,5946205QA5654F,DIVINA PASTORA,9,1,CTO 517692-517700,11000160797100009
CAD30002-CR000081-02,11000160797100002,5946202QA5654F,DIVINA PASTORA,2,94,CTO 517689-517691,11000160797100002
CAD30002-CR000010-02,11000160059299999,6043401QA5664C,ZARAGOZA,9999,8,CTO 518619,11000160059299999
CAD30002-CR000010-02,11000160134400005,6043401QA5664C,ALADRO,5,3,CTO 518619,11000160134400005
CAD30002-CR000010-02,11000160219399999,6043401QA5664C,SAN CAYETANO,9999,2,CTO 518619,11000160219399999
CAD30002-CR000010-02,11000160052100001,6043301QA5664C,SANTO DOMINGO,1,21,CTO 515518-515531,11000160052100001
CAD30002-CR000010-02,11000160052100005,6043301QA5664C,SANTO DOMINGO,5,7,CTO 515518-515531,11000160052100005
CAD30002-CR000010-02,11000160052100007,6043301QA5664C,SANTO DOMINGO,7,9,CTO 515518-515531,11000160052100007
CAD30002-CR000010-02,11000160811100001,6043301QA5664C,CALLEJON DE LOS BOLOS,1,8,CTO 515518-515531,11000160811100001
CAD30002-CR000010-02,11000160811100002,6043301QA5664C,CALLEJON DE LOS BOLOS,2,6,CTO 515518-515531,11000160811100002
CAD30002-CR000010-02,11000160811100003,6043301QA5664C,CALLEJON DE LOS BOLOS,3,8,CTO 515518-515531,11000160811100003
CAD30002-CR000010-02,11000160811100004,6043301QA5664C,CALLEJON DE LOS BOLOS,4,8,CTO 515518-515531,11000160811100004
CAD30002-CR000010-02,11000160811100005,6043301QA5664C,CALLEJON DE LOS BOLOS,5,8,CTO 515518-515531,11000160811100005
CAD30002-CR000010-02,11000160811100006,6043301QA5664C,CALLEJON DE LOS BOLOS,6,4,CTO 515518-515531,11000160811100006
CAD30002-CR000010-02,11000160811100007,6043301QA5664C,CALLEJON DE LOS BOLOS,7,13,CTO 515518-515531,11000160811100007
CAD30002-CR000010-02,11000160811100009,6043301QA5664C,CALLEJON DE LOS BOLOS,9,12,CTO 515518-515531,11000160811100009
CAD30002-CR000451-02,,6258004QA5665G,DEL ALMENDRAL,4,44,CTO 512363,
CAD30002-CR000451-02,11000160190800002,6258001QA5665G,MARIA AUXILIADORA,2,73,CTO 512364,11000160190800002
CAD30002-CR000451-02,,6258007QA5665G,DEL ALMENDRAL,9,44,CTO 512361,
CAD30002-CR000451-02,,6258006QA5665G,DEL ALMENDRAL,8,44,CTO 512360,
CAD30002-CR000451-02,,6258003QA5665G,DEL ALMENDRAL,3,44,CTO 512362,
CAD30002-CR000003-01,11000160161100001,5938309QA5653H,CUATRO JUANES,1,61,CTO 512059-512061,11000160161100001
CAD30002-CR000342-03,11000160141400009,5243007QA5654C,ARMAS DE SANTIAGO,9,1,CTO 514676,11000160141400009
CAD30002-CR000081-01,11000160091100002,5945040QA5654F,RESIDENCIAL VALDESPINO,2,12,CTO 512488,11000160091100002
CAD30002-CR000081-01,11000160034799999,5945026QA5654F,STMO CRISTO DE LA DEFENSI,9999,1,CTO 512483-512485,11000160034799999
CAD30002-CR000081-01,11000160163799999,5945026QA5654F,DIVINA PASTORA,9999,59,CTO 512483-512485,11000160163799999
CAD30002-CR000081-01,11000160091100004,5945043QA5654F,RESIDENCIAL VALDESPINO,4,12,CTO 512486,11000160091100004
CAD30002-CR000081-01,11000160091100005,5945046QA5654F,RESIDENCIAL VALDESPINO,5,19,CTO 512487,11000160091100005
CAD30002-CR000434-01,11000161007599999,5127302QA5652E,HISTORIADOR MANUEL CANCEL,9999,20,CTO 503350,11000161007599999
CAD30002-CR000434-01,11000161007900005,5127301QA5652E,ESCRITOR ANTONIO QUINTERO,5,24,CTO 503341-503344,11000161007900005
CAD30002-CR000434-02,11000161007200003,5328502QA5652G,JOSE DE SOTO Y MOLINA,3,9,CTO 501676-501683,11000161007200003
CAD30002-CR000434-02,11000161007200005,5328502QA5652G,JOSE DE SOTO Y MOLINA,5,9,CTO 501676-501683,11000161007200005
CAD30002-CR000434-02,11000161008900001,5328502QA5652G,HISTORIADOR BARTOLOME GUT,1,1,CTO 501676-501683,11000161008900001
CAD30002-CR000111-01,11000160159099999,6930505QA5663B,SAN ELOY,9999,8,CTO 512853,11000160159099999
CAD30002-CR000111-01,11000160232600003,7029402QA5672G,VENERABLE VELAZQUEZ,3,24,CTO 512868,11000160232600003
CAD30002-CR000111-01,11000160232500006,7029401QA5672G,VENERABLE VARGAS,6,24,CTO 512867,11000160232500006
CAD30002-CR000111-01,11000160232600001,7029302QA5672G,VENERABLE VELAZQUEZ,1,24,CTO 512878,11000160232600001
CAD30002-CR000111-01,11000160232500004,7029301QA5672G,VENERABLE VARGAS,4,24,CTO 512871,11000160232500004
CAD30002-CR000260-01,11000160088000009,5658702QA5655H,DOCTOR ARRUGA,9,39,CTO 509853,11000160088000009
CAD30002-CR000260-01,11000160088000019,5658702QA5655H,DOCTOR ARRUGA,19,1,CTO 509853,11000160088000019
CAD30002-CR000260-01,11000160015800019,5656003QA5655F,DOCTOR FLEMING,19,16,CTO 509888,11000160015800019
CAD30002-CR000270-01,11000160176000012,4948701QA5644H,LA GUITARRA,12,20,CTO 506299,11000160176000012
CAD30002-CR000270-01,11000160176000014,4948702QA5644H,LA GUITARRA,14,20,CTO 506298,11000160176000014
CAD30002-CR000270-02,11000160007100006,4947801QA5644F,DEL POLO,6,10,CTO 506411,11000160007100006
CAD30002-CR000270-02,11000160151000004,4947802QA5644F,LA CAÑA,4,8,CTO 506411,11000160151000004
CAD30002-CR000270-02,11000160176000006,4947203QA5644F,LA GUITARRA,6,8,CTO 506413,11000160176000006
CAD30002-CR000270-02,11000160176000008,4947202QA5644F,LA GUITARRA,8,8,CTO 506413,11000160176000008
CAD30002-CR000039-02,11000160040900004,5449502QA5654G,LA PLATA,4,8,CTO 516246,11000160040900004
CAD30002-CR000039-02,11000160040900014,5550805QA5655B,LA PLATA,14,8,CTO 516237,11000160040900014
CAD30002-CR000157-02,11000160099300001,5651022QA5655B,PARQUE SANDEMAN,1,1,CTO 523357-523358,11000160099300001
CAD30002-CR000157-02,11000160099300002,5651022QA5655B,PARQUE SANDEMAN,2,1,CTO 523357-523358,11000160099300002
CAD30002-CR000157-02,11000160099300003,5651022QA5655B,PARQUE SANDEMAN,3,1,CTO 523357-523358,11000160099300003
CAD30002-CR000157-02,11000160099300004,5651022QA5655B,PARQUE SANDEMAN,4,1,CTO 523357-523358,11000160099300004
CAD30002-CR000157-02,11000160099300005,5651022QA5655B,PARQUE SANDEMAN,5,1,CTO 523357-523358,11000160099300005
CAD30002-CR000157-02,11000160099300006,5651022QA5655B,PARQUE SANDEMAN,6,1,CTO 523357-523358,11000160099300006
CAD30002-CR000157-02,11000160099300007,5651022QA5655B,PARQUE SANDEMAN,7,1,CTO 523357-523358,11000160099300007
CAD30002-CR000157-02,11000160099300008,5651022QA5655B,PARQUE SANDEMAN,8,1,CTO 523357-523358,11000160099300008
CAD30002-CR000157-02,11000160099300009,5651022QA5655B,PARQUE SANDEMAN,9,1,CTO 523357-523358,11000160099300009
CAD30002-CR000157-02,11000160099300010,5651022QA5655B,PARQUE SANDEMAN,10,1,CTO 523357-523358,11000160099300010
CAD30002-CR000157-02,11000160099300011,5651022QA5655B,PARQUE SANDEMAN,11,1,CTO 523357-523358,11000160099300011
CAD30002-CR000157-02,11000160099300012,5651022QA5655B,PARQUE SANDEMAN,12,1,CTO 523357-523358,11000160099300012
CAD30002-CR000157-02,11000160099300013,5651022QA5655B,PARQUE SANDEMAN,13,1,CTO 523357-523358,11000160099300013
CAD30002-CR000157-02,11000160099300014,5651022QA5655B,PARQUE SANDEMAN,14,1,CTO 523357-523358,11000160099300014
CAD30002-CR000157-02,11000160099300015,5651022QA5655B,PARQUE SANDEMAN,15,1,CTO 523357-523358,11000160099300015
CAD30002-CR000157-02,11000160099300016,5651022QA5655B,PARQUE SANDEMAN,16,1,CTO 523357-523358,11000160099300016
CAD30002-CR000157-02,11000160099300017,5651022QA5655B,PARQUE SANDEMAN,17,1,CTO 523357-523358,11000160099300017
CAD30002-CR000157-02,11000160099300018,5651022QA5655B,PARQUE SANDEMAN,18,1,CTO 523357-523358,11000160099300018
CAD30002-CR000157-02,11000160099300020,5651022QA5655B,PARQUE SANDEMAN,20,9,CTO 523357-523358,11000160099300020
CAD30002-CR000157-02,11000160152600009,5751302QA5655B,CAROLINA GALLEGOS,9,8,CTO 523364,11000160152600009
CAD30002-CR000157-02,11000160152600007,5751204QA5655B,CAROLINA GALLEGOS,7,8,CTO 523361,11000160152600007
CAD30002-CR000133-01,11000160094300002,7642127QA5674C,RAFA VERDU,2,1,CTO 525274-525275,11000160094300002
CAD30002-CR000133-01,11000160098200002,7642127QA5674C,NUEVO CHAPIN I FASE,2,42,CTO 525274-525275,11000160098200002
CAD30002-CR000433-01,11000161007500004,5229602QA5652G,HISTORIADOR MANUEL CANCEL,4,1,CTO 507211-507212,11000161007500004
CAD30002-CR000433-01,11000161007799999,5228301QA5652G,MIGUEL HUE,9999,51,CTO 507204-507206,11000161007799999
CAD30002-CR000433-01,11000161008199999,5229601QA5652G,ARQUITECTO JOSE VARGAS,9999,149,CTO 507214-507216,11000161008199999
CAD30002-CR00465-01,11000160151800004,6041006QA5664A,CARACUEL,4,15,CTO 529085-529088,11000160151800004
CAD30002-CR000042-01,11000160212200004,5350801QA5655A,MANUEL RIOS RUIZ,4,57,CTO 503867-503868,11000160212200004
CAD30002-CR000043-02,11000160211400002,4951412QA5645B,LA PIQUERA,2,10,CTO 511095,11000160211400002
CAD30002-CR000043-02,11000160189200012,5051005QA5655A,LA MALAGUEÑA,12,1,CTO 511107,11000160189200012
CAD30002-CR000043-02,11000160218200013,5051007QA5655A,LA SAETA,13,1,CTO 511106,11000160218200013
CAD30002-CR000043-02,11000160169600012,5051009QA5655A,FARRUCA,12,1,CTO 511105,11000160169600012
CAD30002-CR000451-01,,6259003QA5665G,DEL ALMENDRAL,5,39,CTO 507848,
CAD30002-CR000451-01,,6259003QA5665G,DEL ALMENDRAL,17,1,CTO 507848,
CAD30002-CR000451-01,,6259004QA5665G,DEL ALMENDRAL,6,38,CTO 507849,
CAD30002-CR000229-02,,6460004QA5666A,DEL ALMENDRAL,15,35,CTO 509176,
CAD30002-CR000229-02,,6460006QA5666A,DEL ALMENDRAL,14,35,CTO 509177,
CAD30002-CR000229-02,,6259006QA5665G,DEL ALMENDRAL,10,43,CTO 509174,
CAD30002-CR000229-02,,6259007QA5665G,DEL ALMENDRAL,11,44,CTO 509175,
CAD30002-CR000229-02,,6460005QA5666A,DEL ALMENDRAL,13,35,CTO 509178,
CAD30002-CR000416-01,,6636007QA5663F,SIDONIA,1,7,CTO 524966-524971,
CAD30002-CR000416-01,,6636007QA5663F,SIDONIA,2,8,CTO 524966-524971,
CAD30002-CR000416-01,,6636007QA5663F,SIDONIA,3,8,CTO 524966-524971,
CAD30002-CR000416-01,,6636007QA5663F,SIDONIA,4,1,CTO 524966-524971,
CAD30002-CR000416-01,,6636007QA5663F,SIDONIA,5,1,CTO 524966-524971,
CAD30002-CR000416-01,,6636007QA5663F,SIDONIA,6,1,CTO 524966-524971,
CAD30002-CR000416-01,,6636007QA5663F,SIDONIA,7,1,CTO 524966-524971,
CAD30002-CR000416-01,,6636007QA5663F,SIDONIA,8,1,CTO 524966-524971,
CAD30002-CR000416-01,,6636007QA5663F,SIDONIA,9,1,CTO 524966-524971,
CAD30002-CR000416-01,,6636007QA5663F,SIDONIA,10,1,CTO 524966-524971,
CAD30002-CR000416-01,,6636007QA5663F,SIDONIA,11,1,CTO 524966-524971,
CAD30002-CR000416-01,,6636007QA5663F,SIDONIA,12,1,CTO 524966-524971,
CAD30002-CR000416-01,,6636007QA5663F,SIDONIA,13,1,CTO 524966-524971,
CAD30002-CR000416-01,,6636007QA5663F,SIDONIA,14,1,CTO 524966-524971,
CAD30002-CR000416-01,,6636007QA5663F,SIDONIA,15,1,CTO 524966-524971,
CAD30002-CR000416-01,,6636007QA5663F,SIDONIA,16,1,CTO 524966-524971,
CAD30002-CR000416-01,,6636007QA5663F,SIDONIA,17,1,CTO 524966-524971,
CAD30002-CR000416-01,,6636007QA5663F,SIDONIA,18,1,CTO 524966-524971,
CAD30002-CR000416-01,,6636007QA5663F,SIDONIA,19,1,CTO 524966-524971,
CAD30002-CR000416-01,,6636007QA5663F,SIDONIA,20,1,CTO 524966-524971,
CAD30002-CR000416-01,11000160163200002,6636007QA5663F,DIEGO GOMEZ SALIDO,2,1,CTO 524966-524971,11000160163200002
CAD30002-CR000416-01,11000160163200004,6636007QA5663F,DIEGO GOMEZ SALIDO,4,1,CTO 524966-524971,11000160163200004
CAD30002-CR000416-01,11000160163200006,6636007QA5663F,DIEGO GOMEZ SALIDO,6,2,CTO 524966-524971,11000160163200006
CAD30002-CR000416-01,11000160163200010,6636007QA5663F,DIEGO GOMEZ SALIDO,10,1,CTO 524966-524971,11000160163200010
CAD30002-CR000416-01,11000160163200012,6636007QA5663F,DIEGO GOMEZ SALIDO,12,1,CTO 524966-524971,11000160163200012
CAD30002-CR000255-01,11000160230900012,7154006QA5675C,BOSQUE EL,12,35,CTO 522663,11000160230900012
CAD30002-CR000255-01,11000160230900010,7154008QA5675C,BOSQUE EL,10,36,CTO 522660,11000160230900010
CAD30002-CR000255-01,11000160230900009,7154009QA5675C,BOSQUE EL,9,49,CTO 522664-522665,11000160230900009
CAD30002-CR000255-01,11000160048300001,7255407QA5675E,EL ALTILLO,1,56,CTO 522677-522678,11000160048300001
CAD30002-CR000255-01,11000160048300007,7255405QA5675E,EL ALTILLO,7,60,CTO 522672-522673,11000160048300007
CAD30002-CR000255-01,11000160048300003,7255408QA5675E,EL ALTILLO,3,22,CTO 522676,11000160048300003
CAD30002-CR000255-01,11000160048300005,7255409QA5675E,EL ALTILLO,5,60,CTO 522674-522675,11000160048300005
CAD30002-CR000255-01,11000160048300009,7255404QA5675E,EL ALTILLO,9,22,CTO 522671,11000160048300009
CAD30002-CR000255-01,11000160048300011,7255403QA5675E,EL ALTILLO,11,60,CTO 522669-522670,11000160048300011
CAD30002-CR000255-01,11000160230900014,7154004QA5675C,BOSQUE EL,14,35,CTO 522679,11000160230900014
CAD30002-CR000255-01,11000160230900013,7154005QA5675C,BOSQUE EL,13,55,CTO 522680-522681,11000160230900013
CAD30002-CR000155-01,11000160229999999,6052003QA5665A,TOMAS GARCIA FIGUERAS,9999,75,CTO 506717-8,11000160229999999
CAD30002-CR000155-01,11000160165500013,6152401QA5665A,DUQUES DE ABRANTES,13,37,CTO 506719,11000160165500013
CAD30002-CR000502-01,11000160039400001,7859907QA5675H,ALDEBARAN,1,48,CTO 508380-508853,11000160039400001
CAD30002-CR000502-01,11000160039400003,7859907QA5675H,ALDEBARAN,3,27,CTO 508380-508853,11000160039400003
CAD30002-CR000188-02,11000160865599999,5034002QA5653C,ERMITA DE GUIA,9999,59,CTO 504904-504905,11000160865599999
CAD30002-CR000093-01,11000160821400006,7154020QA5675C,URSULINAS,6,50,CTO 520937-520938,11000160821400006
CAD30002-CR000093-01,11000160821400004,7154019QA5675C,URSULINAS,4,39,CTO 520939,11000160821400004
CAD30002-CR000093-01,11000160821400008,7154021QA5675C,URSULINAS,8,130,CTO 520929-520933,11000160821400008
CAD30002-CR000115-01,11000160141100001,7031005QA5673A,ARGUELLES,1,1,CTO 507450,11000160141100001
CAD30002-CR000115-01,11000160176200001,7031005QA5673A,HERMANO TOMAS BENGOA,1,16,CTO 507450,11000160176200001
CAD30002-CR000115-01,11000160176299999,6932018QA5663B,HERMANO TOMAS BENGOA,9999,22,CTO 507452,11000160176299999
CAD30002-CR000115-01,11000160231700012,6932210QA5663B,VALLESEQUILLO,12,4,CTO 507451,11000160231700012
CAD30002-CR000503-02,11000160028500040,7859910QA5675H,YERBABUENA,40,1,CTO 508276,11000160028500040
CAD30002-CR000503-02,11000160028500042,7859910QA5675H,YERBABUENA,42,16,CTO 508276,11000160028500042
CAD30002-CR000503-02,11000160028500044,7859910QA5675H,YERBABUENA,44,1,CTO 508276,11000160028500044
CAD30002-CR000503-02,11000160028500046,7859910QA5675H,YERBABUENA,46,1,CTO 508276,11000160028500046
CAD30002-CR000260-06,11000160075899999,5561401QA5656B,MAR JONICO,9999,11,CTO 524558-524559,11000160075899999
CAD30002-CR000437-01,11000160063399999,4925407QA5642D,PUERTA BAHIA,9999,15,CTO 504449-504450,11000160063399999
CAD30002-CR000109-02,,6630503QA5663B,VISTA ALEGRE,4,48,CTO 523799,
CAD30002-CR000109-02,,6630502QA5663B,VISTA ALEGRE,3,48,CTO 523798,
CAD30002-CR000109-02,,6630701QA5663B,VISTA ALEGRE,2,48,CTO 523793-532769,
CAD30002-CR000342-02,11000160073000001,5043901QA5654C,DOCTOR ANTONIO VALENCIA,1,36,CTO 513870-513874,11000160073000001
CAD30002-CR000342-01,11000160228700024,5244301QA5654C,TAXDIRT,24,1,CTO 508067,11000160228700024
CAD30002-CR000039-03,11000160180200016,5649606QA5654H,JOSE DE ARCE,16,8,CTO 516179,11000160180200016
CAD30002-CR000151-01,11000160207700039,6043038QA5664C,PAUL,39,11,CTO 524872,11000160207700039
CAD30002-CR000151-01,11000160127500032,6043042QA5664C,SEVILLA,32,10,CTO 524848-524884,11000160127500032
CAD30002-CR000151-01,11000160127500034,6043042QA5664C,SEVILLA,34,10,CTO 524848-524884,11000160127500034
CAD30002-CR000151-01,11000160127500036,6043042QA5664C,SEVILLA,36,10,CTO 524848-524884,11000160127500036
CAD30002-CR000151-01,11000160127500040,6043042QA5664C,SEVILLA,40,10,CTO 524848-524884,11000160127500040
CAD30002-CR000151-01,11000160207700038,6043037QA5664C,PAUL,38,22,CTO 524873,11000160207700038
CAD30002-CR000151-01,11000160207799999,6043001QA5664C,PAUL,9999,2,CTO 524869-524870,11000160207799999
CAD30002-CR000151-01,11000160052100003,6043003QA5664C,SANTO DOMINGO,3,1,CTO 524743,11000160052100003
CAD30002-CR000151-01,11000160811100032,6043003QA5664C,CALLEJON DE LOS BOLOS,32,14,CTO 524743,11000160811100032
CAD30002-CR000151-01,11000160808300040,6043040QA5664C,DE CATALUÑA,40,12,CTO 524744,11000160808300040
CAD30002-CR000267-01,11000160052100020,6548410QA5664H,SANTO DOMINGO,20,43,CTO 512819-512821,11000160052100020
CAD30002-CR000267-01,11000160052100022,6548410QA5664H,SANTO DOMINGO,22,69,CTO 512819-512821,11000160052100022
CAD30002-CR000267-01,11000160019499999,6548413QA5664H,ENRIQUE DOMINGUEZ RODIÑO,9999,59,CTO 512828-512829,11000160019499999
CAD30002-CR000267-01,11000160052199999,6548401QA5664H,SANTO DOMINGO,9999,22,CTO 512824-512825,11000160052199999
CAD30002-CR000234-01,11000160835600006,7124004QA5672C,DE LA SOLIDARIDAD,6,1,CTO 515140-515148,11000160835600006
CAD30002-CR000491-01,11000160055399999,5724103QA5652D,ANTONIO CHACON FERRAL,9999,8,CTO 506084-506086,11000160055399999
CAD30002-CR000123-01,11000160225400001,7837201QA5673F,SANTA ROSA,1,105,CTO 513810-513822,11000160225400001
CAD30002-CR000252-02,11000160085200009,6758004QA5665H,DE SUDAMERICA,9,48,CTO 515459,11000160085200009
CAD30002-CR000252-02,11000160085200004,6761502QA5666B,DE SUDAMERICA,4,44,CTO 515345,11000160085200004
CAD30002-CR000252-02,11000160085200008,6661005QA5666B,DE SUDAMERICA,8,1,CTO 515362,11000160085200008
CAD30002-CR000252-02,11000160085200012,6661001QA5666B,DE SUDAMERICA,12,45,CTO 515361,11000160085200012
CAD30002-CR000252-02,11000160085200008,6661007QA5666B,DE SUDAMERICA,8,1,CTO 515362,11000160085200008
CAD30002-CR000252-02,11000160085200008,6661006QA5666B,DE SUDAMERICA,8,1,CTO 515362,11000160085200008
CAD30002-CR000252-02,11000160085200008,6661004QA5666B,DE SUDAMERICA,8,2,CTO 515362,11000160085200008
CAD30002-CR000252-02,11000160085200008,6661003QA5666B,DE SUDAMERICA,8,1,CTO 515362,11000160085200008
CAD30002-CR000252-02,11000160085200010,6661002QA5666B,DE SUDAMERICA,10,44,CTO 515360,11000160085200010
CAD30002-CR000252-02,11000160085200002,6861501QA5666B,DE SUDAMERICA,2,48,CTO 515344,11000160085200002
CAD30002-CR000049-02,11000160226999999,5351201QA5655A,LA SERRANA,9999,2,CTO 525518-525522,11000160226999999
CAD30002-CR000049-02,11000160812499999,5351201QA5655A,PROLONGACION PIZARRO,9999,2,CTO 525518-525522,11000160812499999
CAD30002-CR000083-B1,11000161008399999,6048055QA5664G,FERMIN ARANDA,9999,11,CTO 524699,11000161008399999
CAD30002-CR000654-03,11000160093409999,6166702QA5666E,COSTA AZAHAR,9999,73,CTO 525875-525876,11000160093409999
CAD30002-CR000654-03,11000160093799999,6165701QA5666E,COSTA DEL SOL,9999,44,CTO 525877,11000160093799999
CAD30002-CR000482-02,11000160507800001,6821002QA5662B,DE LA LIBERTAD,1,128,CTO 525956-526057,11000160507800001
CAD30002-CR000318-01,11000160034899999,6963004QA5666D,EXTREMADURA,9999,214,CTO 513550-8,11000160034899999
CAD30002-CR000318-01,11000160004700001,6862403QA5666B,DE MONTEVIDEO,1,41,CTO 513548-513549,11000160004700001
CAD30002-CR000318-01,11000160004799999,6862403QA5666B,DE MONTEVIDEO,9999,1,CTO 513548-513549,11000160004799999
CAD30002-CR000318-01,11000160005100001,6862403QA5666B,DE BUENOS AIRES,1,45,CTO 513548-513549,11000160005100001
CAD30002-CR000318-01,,6862406QA5666B,CEDROS LOS,4,18,CTO 513544-513546,
CAD30002-CR000318-01,11000160004799999,6862404QA5666B,DE MONTEVIDEO,9999,24,CTO 513547,11000160004799999
CAD30002-CR000482-01,11000160028199999,6623704QA5662D,LUIS PARADA,9999,1,CTO 525720-525725,11000160028199999
CAD30002-CR000482-01,11000160028299999,6623703QA5662D,JOSE GUERRA CARRETERO,9999,108,CTO 525714-525719,11000160028299999
CAD30002-CR000163-03,11000160567600004,6257801QA5665E,SATURNO,4,8,CTO 527067,11000160567600004
CAD30002-CR000241-02,11000161007100048,5024402QA5652C,PUERTA DEL SUR,48,9,CTO 527005,11000161007100048
CAD30002-CR000241-02,11000161007100031,5024403QA5652C,PUERTA DEL SUR,31,8,CTO 527005,11000161007100031
CAD30002-CR000465-01,11000160183700054,6041022QA5664A,LARGA,54,1,CTO 527788,11000160183700054
CAD30002-CR000106-10,11000160040900004,6332308QA5663A,PLATA,4,1,CTO 527966,11000160040900004
CAD30002-CR000106-10,,6532502QA5663A,NTRO P JESUS D SENTENCIA,1,1,CTO 527963,
CAD30002-CR000221-02,11000160169400007,6542502QA5664B,ALCALDE FRANCISCO GERMA A,7,8,CTO 528808,11000160169400007
CAD30002-CR000221-02,11000160169400012,6542705QA5664A,ALCALDE FRANCISCO GERMA A,12,8,CTO 528807,11000160169400012
CAD30002-CR000221-02,11000160169400006,6542501QA5664B,ALCALDE FRANCISCO GERMA A,6,8,CTO 528802,11000160169400006
CAD30002-CR000221-02,11000160169400001,6543004QA5664D,ALCALDE FRANCISCO GERMA A,1,9,CTO 528809,11000160169400001
CAD30002-CR000221-02,11000160169400003,6543002QA5664D,ALCALDE FRANCISCO GERMA A,3,9,CTO 528803,11000160169400003
CAD30002-CR000106-04,,6532508QA5663A,NTRO P JESUS D SENTENCIA,2,13,CTO 530714-530715,
CAD30002-CR000097-01,11000160004499999,7262305QA5676A,DE CARACAS,9999,1,CTO 514155,11000160004499999
CAD30002-CR000097-01,11000160004599999,7262302QA5676A,DE LA HABANA,9999,17,CTO 512625-512626,11000160004599999
CAD30002-CR000097-01,11000160004600037,7262302QA5676A,DE MANAGUA,37,1,CTO 512625-512626,11000160004600037
CAD30002-CR000097-01,11000160004600037,7262302QA5676A,DE MANAGUA,37,1,CTO 512625-512626,11000160004600037
CAD30002-CR000097-01,11000160004600039,7262302QA5676A,DE MANAGUA,39,1,CTO 512625-512626,11000160004600039
CAD30002-CR000459-01,11000160012799999,8148202QA5684G,LOLA FLORES,9999,293,CTO 504315-504318,11000160012799999
CAD30002-CR000459-01,11000160020400010,8148202QA5684G,ANTONIO GONZALEZ FLORES,10,1,CTO 504315-504318,11000160020400010
CAD30002-CR000459-01,11000160020499999,8148201QA5684G,ANTONIO GONZALEZ FLORES,9999,68,CTO 504321,11000160020499999
CAD30002-CR000459-01,11000160020300007,8249303QA5684G,CAMARON DE LA ISLA,7,1,CTO 504328-504329,11000160020300007
CAD30002-CR000318-03,11000160006500001,7063401QA5676C,ALBARIZAS DE MONTE ALTO,1,1,CTO 529156-529157,11000160006500001
CAD30002-CR000318-03,11000160006500002,7063401QA5676C,ALBARIZAS DE MONTE ALTO,2,1,CTO 529156-529157,11000160006500002
CAD30002-CR000318-03,11000160006500003,7063401QA5676C,ALBARIZAS DE MONTE ALTO,3,1,CTO 529156-529157,11000160006500003
CAD30002-CR000318-03,11000160006500004,7063401QA5676C,ALBARIZAS DE MONTE ALTO,4,1,CTO 529156-529157,11000160006500004
CAD30002-CR000318-03,11000160006500005,7063401QA5676C,ALBARIZAS DE MONTE ALTO,5,1,CTO 529156-529157,11000160006500005
CAD30002-CR000318-03,11000160006500006,7063401QA5676C,ALBARIZAS DE MONTE ALTO,6,1,CTO 529156-529157,11000160006500006
CAD30002-CR000318-03,11000160006500007,7063401QA5676C,ALBARIZAS DE MONTE ALTO,7,1,CTO 529156-529157,11000160006500007
CAD30002-CR000318-03,11000160006500008,7063401QA5676C,ALBARIZAS DE MONTE ALTO,8,1,CTO 529156-529157,11000160006500008
CAD30002-CR000318-03,11000160006500009,7063401QA5676C,ALBARIZAS DE MONTE ALTO,9,1,CTO 529156-529157,11000160006500009
CAD30002-CR000318-03,11000160006500010,7063401QA5676C,ALBARIZAS DE MONTE ALTO,10,1,CTO 529156-529157,11000160006500010
CAD30002-CR000318-03,11000160006500011,7063401QA5676C,ALBARIZAS DE MONTE ALTO,11,1,CTO 529156-529157,11000160006500011
CAD30002-CR000318-03,11000160006500012,7063401QA5676C,ALBARIZAS DE MONTE ALTO,12,1,CTO 529156-529157,11000160006500012
CAD30002-CR000318-03,11000160006500013,7063401QA5676C,ALBARIZAS DE MONTE ALTO,13,1,CTO 529156-529157,11000160006500013
CAD30002-CR000318-03,11000160006500014,7063401QA5676C,ALBARIZAS DE MONTE ALTO,14,1,CTO 529156-529157,11000160006500014
CAD30002-CR000318-03,11000160006500015,7063401QA5676C,ALBARIZAS DE MONTE ALTO,15,1,CTO 529156-529157,11000160006500015
CAD30002-CR000318-03,11000160006500016,7063401QA5676C,ALBARIZAS DE MONTE ALTO,16,1,CTO 529156-529157,11000160006500016
CAD30002-CR000318-03,11000160006500017,7063401QA5676C,ALBARIZAS DE MONTE ALTO,17,1,CTO 529156-529157,11000160006500017
CAD30002-CR000318-03,11000160006500018,7063401QA5676C,ALBARIZAS DE MONTE ALTO,18,1,CTO 529156-529157,11000160006500018
CAD30002-CR000318-03,11000160006500019,7063401QA5676C,ALBARIZAS DE MONTE ALTO,19,1,CTO 529156-529157,11000160006500019
CAD30002-CR000318-03,11000160006500020,7063401QA5676C,ALBARIZAS DE MONTE ALTO,20,1,CTO 529156-529157,11000160006500020
CAD30002-CR000318-03,11000160006500062,7063401QA5676C,ALBARIZAS DE MONTE ALTO,62,1,CTO 529156-529157,11000160006500062
CAD30002-CR000318-03,11000160006500063,7063401QA5676C,ALBARIZAS DE MONTE ALTO,63,1,CTO 529156-529157,11000160006500063
CAD30002-CR000318-03,11000160006500064,7063401QA5676C,ALBARIZAS DE MONTE ALTO,64,1,CTO 529156-529157,11000160006500064
CAD30002-CR000318-03,11000160006500065,7063401QA5676C,ALBARIZAS DE MONTE ALTO,65,1,CTO 529156-529157,11000160006500065
CAD30002-CR000318-03,11000160006500066,7063401QA5676C,ALBARIZAS DE MONTE ALTO,66,1,CTO 529156-529157,11000160006500066
CAD30002-CR000318-03,11000160006500067,7063401QA5676C,ALBARIZAS DE MONTE ALTO,67,1,CTO 529156-529157,11000160006500067
CAD30002-CR000318-03,11000160006500068,7063401QA5676C,ALBARIZAS DE MONTE ALTO,68,1,CTO 529156-529157,11000160006500068
CAD30002-CR000318-03,11000160006500069,7063401QA5676C,ALBARIZAS DE MONTE ALTO,69,1,CTO 529156-529157,11000160006500069
CAD30002-CR000318-03,11000160006500070,7063401QA5676C,ALBARIZAS DE MONTE ALTO,70,1,CTO 529156-529157,11000160006500070
CAD30002-CR000318-03,11000160006500071,7063401QA5676C,ALBARIZAS DE MONTE ALTO,71,1,CTO 529156-529157,11000160006500071
CAD30002-CR000318-03,11000160006500072,7063401QA5676C,ALBARIZAS DE MONTE ALTO,72,1,CTO 529156-529157,11000160006500072
CAD30002-CR000318-03,11000160006500073,7063401QA5676C,ALBARIZAS DE MONTE ALTO,73,1,CTO 529156-529157,11000160006500073
CAD30002-CR000318-03,11000160006500074,7063401QA5676C,ALBARIZAS DE MONTE ALTO,74,1,CTO 529156-529157,11000160006500074
CAD30002-CR000318-03,11000160006500075,7063401QA5676C,ALBARIZAS DE MONTE ALTO,75,1,CTO 529156-529157,11000160006500075
CAD30002-CR000318-03,11000160006500076,7063401QA5676C,ALBARIZAS DE MONTE ALTO,76,1,CTO 529156-529157,11000160006500076
CAD30002-CR000318-03,11000160006500077,7063401QA5676C,ALBARIZAS DE MONTE ALTO,77,1,CTO 529156-529157,11000160006500077
CAD30002-CR000318-03,11000160006500078,7063401QA5676C,ALBARIZAS DE MONTE ALTO,78,1,CTO 529156-529157,11000160006500078
CAD30002-CR000318-03,11000160006500079,7063401QA5676C,ALBARIZAS DE MONTE ALTO,79,1,CTO 529156-529157,11000160006500079
CAD30002-CR000318-03,11000160006500080,7063401QA5676C,ALBARIZAS DE MONTE ALTO,80,1,CTO 529156-529157,11000160006500080
CAD30002-CR000318-03,11000160006500081,7063401QA5676C,ALBARIZAS DE MONTE ALTO,81,1,CTO 529156-529157,11000160006500081
CAD30002-CR000318-03,11000160006500082,7063401QA5676C,ALBARIZAS DE MONTE ALTO,82,1,CTO 529156-529157,11000160006500082
CAD30002-CR000203-02,11000160206900010,7034001QA5673C,PARQUE DE BOMBEROS,10,2,CTO 529166-529168,11000160206900010
CAD30002-CR000283-B3,11000160170700006,7952001QA5675B,DE EUROPA,6,5,CTO 529377,11000160170700006
CAD30002-CR000273-02,11000160151700010,5140015QA5654A,RONDA DEL CARACOL,10,34,CTO 529271,11000160151700010
CAD30002-CR000273-02,11000160214400002,5138215QA5653G,PUERTA DE ROTA,2,1,CTO 529277-529279,11000160214400002
CAD30002-CR000273-02,11000160016600003,5138210QA5653G,ALMENDRILLO,3,13,CTO 529284,11000160016600003
CAD30002-CR000273-02,11000160016600005,5138209QA5653G,ALMENDRILLO,5,1,CTO 529282,11000160016600005
CAD30002-CR000304-02,11000160162700050,8237501QA5683G,LAS DELICIAS,50,23,CTO 503870,11000160162700050
CAD30002-CR000137-02,11000900002100003,8345603QA5684E,SAN ANTONIO,3,24,CTO 524946,11000900002100003
CAD30002-CR000137-02,11000900002100002,8345601QA5684E,SAN ANTONIO,2,36,CTO 524945,11000900002100002
CAD30002-CR000273-04,11000160151700005,5038017QA5653G,RONDA DEL CARACOL,5,12,CTO 531065,11000160151700005
CAD30002-CR000273-04,11000160151700015,5038013QA5653G,RONDA DEL CARACOL,15,20,CTO 530996,11000160151700015
CAD30002-CR000273-04,11000160151700017,5038012QA5653G,RONDA DEL CARACOL,17,20,CTO 530995,11000160151700017
CAD30002-CR000137-01,11000160050300002,8046601QA5684G,MILAN,2,1,CTO 502118,11000160050300002
CAD30002-CR000137-01,11000160050300004,8046601QA5684G,MILAN,4,1,CTO 502118,11000160050300004
CAD30002-CR000137-01,11000160050300006,8046601QA5684G,MILAN,6,1,CTO 502118,11000160050300006
CAD30002-CR000137-01,11000160050300008,8046601QA5684G,MILAN,8,1,CTO 502118,11000160050300008
CAD30002-CR000137-01,11000160050300010,8046601QA5684G,MILAN,10,1,CTO 502118,11000160050300010
CAD30002-CR000137-01,11000160050300012,8046601QA5684G,MILAN,12,1,CTO 502118,11000160050300012
